<?xml version="1.0" encoding="UTF-8" standalone="yes"?>
<addon id="plugin.video.pluginstreaming" version="1.1.3" name="[COLOR blue]Plugin[/COLOR][COLOR yellow]Streaming[/COLOR]" provider-name="Braz Junior">
<requires>
		<import addon="script.module.six" />
		<import addon="script.module.kodi-six" />
		<import addon="script.module.requests" optional="true"/>
		<import addon="script.module.websocket" version="0.50.0"  optional="true"/>
		<import addon="script.module.youtube.dl" optional="true"/>
		<import addon="plugin.video.youtube" optional="true" />
		<import addon="script.module.dateutil" optional="true" />
		<import addon="script.module.resolveurl" optional="true"/>
		<import addon="script.module.urlresolver" optional="true"/>
		<import addon="script.module.cloudscraper" optional="true"/>
		<import addon="script.module.inputstreamhelper" optional="true"/>
		<import addon="script.module.slproxy" optional="true"/>
	</requires>
  <extension point="xbmc.python.pluginsource" library="default.py">
    <provides>video</provides>
  </extension>
  <extension point="xbmc.addon.metadata">
    <summary lang="en">[COLOR yellow]OBRIGADO POR USAR NOSSO ADD-ON[/COLOR]</summary>
    <description lang="en">[COLOR yellow] Add-on PluginStreaming  é apenas um Agregador de link's  para midia center Kodi, Nele vocês podem achar Filmes,Séries, Etc. todos os links são encontrados na internet. Não somos responsáveis pelos arquivos aqui encontrados.[/COLOR]</description>
    <news>
[COLOR maroon]PROIBIDO USO DO ADD-ON EM OUTRA REPO SEM AUTORIZAÇÃO[/COLOR]
</news>
    <platform>all</platform>
	<assets>
	<icon>icon.png</icon>
    <fanart>fanart.jpg</fanart>
    <screenshot>resources/screenshots/1.jpg</screenshot>
    <screenshot>resources/screenshots/2.jpg</screenshot>
    <screenshot>resources/screenshots/3.jpg</screenshot>
</assets>
  </extension>
</addon>
