<?xml version='1.0' encoding='UTF-8'?>
<addon id="repository.pluginstreaming" name="[COLOR yellow]Plugin[/COLOR][COLOR blue]streaming[/COLOR]" version="1.0.0" provider-name="Braz Ferreira">
  <requires>
    <import addon="xbmc.addon" version="12.0.0"/>
         
  </requires>
  
  
  <extension point="xbmc.addon.repository" name="[COLOR red]Magellan [COLOR red]Repositorio[/COLOR]">
    
      <dir>
      <info compressed="false">https://github.com/pluginstreaming/pluginstreamings.github.io/raw/main/addons.xml</info>
      <checksum>https://github.com/pluginstreaming/pluginstreamings.github.io/raw/main/addons.xml.md5</checksum>
      <datadir zip="true">https://github.com/pluginstreaming/pluginstreamings.github.io/raw/main</datadir>
      <hashes>false</hashes>
    </dir>
  
  <dir minversion="16.0.0" maxversion="18.9.0">
      <info compressed="false">https://github.com/pluginstreaming/pluginstreamings.github.io/raw/main/leia/addons.xml</info>
      <checksum>https://github.com/pluginstreaming/pluginstreamings.github.io/raw/main/leia/addons.xml.md5</checksum>
      <datadir zip="true">https://github.com/pluginstreaming/pluginstreamings.github.io/raw/main/leia</datadir>
      <hashes>false</hashes>
    </dir>
   
   <dir minversion="18.9.1">
      <info compressed="false">https://github.com/pluginstreaming/pluginstreamings.github.io/raw/main/matrix/addons.xml</info>
      <checksum>https://github.com/pluginstreaming/pluginstreamings.github.io/raw/main/matrix/addons.xml.md5</checksum>
      <datadir zip="true">https://github.com/pluginstreaming/pluginstreamings.github.io/raw/main/matrix</datadir>
      <hashes>false</hashes>
    </dir>
    
  </extension>
  
  <extension point="xbmc.addon.metadata">
    <summary>repositorio pluginstreamings</summary>
    <description>repositorio oficial Pluginstreaming - Proibido reproducao sem previa autorizacao - Criado por Braz Ferreira</description>
    <disclaimer/>
    <platform>all</platform>
    <assets>
      <icon>icon.png</icon>
      <fanart>fanart.jpg</fanart>
    </assets>
  </extension>
</addon>
